First Name,Last Name,Phone,Email,Company Name,City,State,Website,Tags
,,6823243936,,"Silver Spur Air, Heating, & Plumbing of DFW",,,https://silverspurhome.com/?utm_source=google&utm_medium=organic&utm_campaign=gbp-DFW,HVAC_2-14-26-v1
,,9722147002,jorge@mondragonac.com,Mondragon Mechanical LLC,,,https://mondragonac.com/,HVAC_2-14-26-v1
As,Operations,2145268533,customerservice@quigleyac.com,Quigley Heating & Air Conditioning of Dallas,,,https://quigleyac.com/?utm_source=google+business+listing&utm_medium=organic&utm_campaign=click+to+website,HVAC_2-14-26-v1
Harried,Home,2143248811,,"Baker Brothers Plumbing, Air & Electric",,,https://bakerbrothersplumbing.com/?utm_campaign=gmb_bk-msq_home_everyone_gmb-mesquite&utm_medium=gmb&utm_source=google,HVAC_2-14-26-v1
,,8172647732,,Air Worth Heating & Cooling,,,https://airworthac.com/haltom-city/,HVAC_2-14-26-v1
Electrical,Home,9722928831,,No Sweat Experts,,,https://nosweatexperts.com/,HVAC_2-14-26-v1
Helping,Home,2143047658,,Metro Air Conditioning Heating & Services,,,https://www.metroacs.com/,HVAC_2-14-26-v1
,,6827031242,,ServicePro DFW - HVAC,,,https://serviceprodfw.com/,HVAC_2-14-26-v1
,,8178313950,,Reliant Air Conditioning,,,https://reliantairconditioning.com/?utm_source=google&utm_medium=gmb&utm_campaign=zA501-Organic&se_campaign=zA501-Organic,HVAC_2-14-26-v1
,,2149237904,gilbert@jadeair.net,Jade Air,,,http://jadeair.net/,HVAC_2-14-26-v1
,,8178000340,,Fort Worth Heat and Air,,,https://www.fortworthheatandair.com/,HVAC_2-14-26-v1
,,8178358658,,"Comfort Land Heating, Cooling, & Plumbing",,,https://callcomfortland.com/?utm_source=gbp&utm_medium=organic,HVAC_2-14-26-v1
,,,,"A/C Rescue, Inc.",,,https://acrescue.net/,HVAC_2-14-26-v1
,,9725042079,,Temp Pro Mechanical,,,https://temppromechanical.com/?utm_campaign=gmb,HVAC_2-14-26-v1
,,4697225425,info@atlasacrepair.com,Atlas AC Repair LLC,,,https://atlasacrepair.com/,HVAC_2-14-26-v1
Mechanical,Company,9722013253,info@rescueairtx.com,Rescue Air and Plumbing,,,https://www.rescueairtx.com/,HVAC_2-14-26-v1
,,6822140431,,Top Gun Heating & AC Repair,,,https://topgunairtx.com/keller-heating-services/?utm_source=google&utm_medium=organic&utm_campaign=gbp_keller,HVAC_2-14-26-v1
,,4699496194,sales@airreydfw.com,Air Rey Service,,,https://www.airreyservice.com/,HVAC_2-14-26-v1
President,And,8175350881,info@webbair.com,Webb Air Heating & Cooling,,,https://webbair.com/?utm_source=google&utm_medium=organic&utm_campaign=gbp,HVAC_2-14-26-v1
,,9459987066,,Unlimited Air Conditioning and Heating,,,https://unlimitedairandheating.com/,HVAC_2-14-26-v1
Oscar,Installation,9724026198,,"Harlen Johnson Heating, Air & Plumbing",,,https://hjac.com/?utm_campaign=gmb,HVAC_2-14-26-v1
,,8177665706,customerservice@onehourair.com,One Hour Air Conditioning & Heating,,,https://www.onehourairftworth.com/?utm_source=organic&utm_medium=gbp,HVAC_2-14-26-v1
Area,Home,4699211136,info@proactiveairconditioning.com,Proactive Air Conditioning,,,https://proactiveairconditioning.com/,HVAC_2-14-26-v1
,,8178629856,,"Breeze Air, Heat & Electrical",,,https://breezeairandheat.com/,HVAC_2-14-26-v1
,,8176783622,,Fort Worth Heating and Air Conditioning,,,,HVAC_2-14-26-v1
,,4694878323,Contact@romaserviceshvac.com,Roma services HVAC,,,http://www.romaserviceshvac.com/,HVAC_2-14-26-v1
,,8178371095,,A Better Deal Heating and Air Conditioning Inc,,,http://abdetterdealinc.com/,HVAC_2-14-26-v1
Senior,Vice,2147427252,WatsonFae@salaair.com,Sala Air Conditioning,,,https://salaair.com/,HVAC_2-14-26-v1
