First Name,Last Name,Phone,Email,Company Name,City,State,Website,Tags
New,Home,9728489414,,5 Star HVAC Contractors,,,https://5starhvaccontractors.com/,HVAC_2-14-26-v2
,,8177753295,,Houk Air Conditioning DFW,,,https://houkac.com/service-areas/dallas-fort-worth/?utm_source=gbp&utm_medium=organic,HVAC_2-14-26-v2
,,9727715987,,Appliance & Air Care Experts,,,https://www.applianceandaircare.com/?utm_source=google&utm_medium=organic&utm_campaign=gbp,HVAC_2-14-26-v2
,,8178745513,Service@TexasDiscountAir.com,Texas Discount Air,,,http://www.texasdiscountair.com/,HVAC_2-14-26-v2
Jeff,Gossett,8174388576,,Texas Air Doctors,,,http://www.texasairdoctors.com/,HVAC_2-14-26-v2
,,8176703144,,North Tarrant Heating & Air Conditioning LLC,,,https://www.northtarrantac.com/?utm_campaign=gmb,HVAC_2-14-26-v2
,,8175001523,info@anmairconditioningheating.com,A & M Air Conditioning and Heating,,,https://anmairconditioningheating.com/,HVAC_2-14-26-v2
,,8173951200,,R-10 Heat & Air,,,https://www.r10heatandair.com/?utm_source=GMBlisting&utm_medium=organic,HVAC_2-14-26-v2
,,8178393511,,Fix My Air DFW AC Repair Fort Worth,,,https://www.hvacrepairfortworth.com/,HVAC_2-14-26-v2
,,9722847332,,Coolinary Arts Heating & Cooling,,,https://callcoolinaryarts.com/?utm_source=google&utm_medium=gbp&utm_campaign=Dallas,HVAC_2-14-26-v2
,,8172415893,,Service Experts Fort Worth,,,https://www.serviceexperts.com/fort-worth-tx/?&utm_campaign=listing&utm_medium=organic_search&utm_source=gmb&utm_content=brand,HVAC_2-14-26-v2
,,8178887313,,Prime Time Heating And Air LLC,,,https://primetime-tx.com/?utm_source=google&utm_medium=organic&utm_campaign=gbp,HVAC_2-14-26-v2
,,4692681493,triplemhvacsolutions@gmail.com,,,,https://www.triplemairsolutions.com/,HVAC_2-14-26-v2
,,2148318061,,Dallas Heating and Air Conditioning,,,https://www.dallasheatingac.com/?utm_source=GMB&utm_medium=Website&utm_campaign=Addison,HVAC_2-14-26-v2
,,2145566792,airtrondataprivacy@resservices.com,Airtron Heating & Air Conditioning,,,https://airtron.com/dallas/?utm_source=gmb&utm_medium=gmb-organic&utm_campaign=gmb-dallas,HVAC_2-14-26-v2
Why,Home,8172007215,,Prestige Air,,,http://prestigeairtx.com/,HVAC_2-14-26-v2
,,6823460054,infinityac.heat@gmail.com,Infinity Air Conditioning & Heating LLC,,,http://www.hvacinfinity.com/,HVAC_2-14-26-v2
,,2142146922,,Tiger Air,,,http://www.tigerairtx.com/?utm_source=google&utm_medium=organic&utm_campaign=gbp,HVAC_2-14-26-v2
Randy,Cody,2148949629,,"Cody & Sons Plumbing, Heating & Air",,,https://codyandsons.com/?utm_source=google&utm_medium=organic&utm_campaign=GMBListing-Dallas-TX,HVAC_2-14-26-v2
,,8173415160,,AC Genius AC Repair & Service,,,http://www.acgenius.com/,HVAC_2-14-26-v2
,,8178017084,info@ftwmg.com,Fort Worth Mechanical Group,,,http://www.fortworthmechanicalgroup.com/,HVAC_2-14-26-v2
,,8174023048,,Made New Air Conditioning & Heating Inc,,,https://www.madenewair.com/,HVAC_2-14-26-v2
,,8176189916,,"AirCo Air Conditioning, Heating and Plumbing",,,https://www.airco.com/?utm_source=google&utm_medium=organic&utm_campaign=GMBListing-Fort-Worth-TX,HVAC_2-14-26-v2
,,8173827088,,Seal Heating and Air Conditioning,,,http://www.sealheatingandairconditioning.com/,HVAC_2-14-26-v2
Family,Owned,9722787111,,"Astar Air Conditioning, Plumbing & Electric",,,https://astardfw.com/,HVAC_2-14-26-v2
Some,Home,6823270948,,One Hour Air Conditioning & Heating of Dallas,,,https://www.onehourairdallas.com/?utm_source=organic&utm_medium=gbp,HVAC_2-14-26-v2
,,8174763051,,Sunny Service,,,https://www.sunnyservice.com/?utm_source=GMB&utm_medium=local,HVAC_2-14-26-v2
,,9726197607,,Service Experts Dallas,,,https://www.serviceexperts.com/dallas-tx/?&utm_campaign=listing&utm_medium=organic_search&utm_source=gmb&utm_content=brand,HVAC_2-14-26-v2
